TheTime,CH1,CH2,CH3,CH6,CH7
43474.37027780,1.364646,1.341985,1.355563,0.007897714,0.3601232
43474.37039353,1.420407,1.443260,1.421463,0.008495720,0.3619172
43474.37050926,1.374784,1.352112,1.365702,0.009691732,0.3655053
43474.37062500,1.400130,1.433132,1.406255,0.009093726,0.3702893
43474.37074074,1.329161,1.301475,1.355563,0.008495720,0.3696913
43488.37166808,1.384923,1.382495,1.401186,0.01925983,0.4175318
