TheTime,CH1,CH2,CH3,CH6,CH7
43688.78423870,1.466031,1.574917,1.406255,0.06351227,0.2285619
43688.78432875,1.455892,1.554662,1.421463,0.06291426,0.2285619
43688.79163112,1.440684,1.478706,1.380909,0.05813021,0.2333460
43688.79230708,1.379853,1.382495,1.401186,0.05573819,0.2357380
43688.79462972,1.476169,1.564789,1.421463,0.05872822,0.2363360
43688.79533574,1.319022,1.225518,1.370771,0.06231626,0.2357380
43688.80310503,1.481238,1.569853,1.421463,0.06829632,0.2381300
43688.80645790,1.303815,1.220455,1.365702,0.06112024,0.2405220
43688.80829547,1.344369,1.291347,1.345425,0.06291426,0.2411200
